<?xml version="1.0" encoding="UTF-8"?>
<job-scheduling-data
	xmlns="http://www.quartz-scheduler.org/xml/JobSchedulingData"
	xmlns:xsi="http://www.w3.org/2001/XMLSchema-instance"
	xsi:schemaLocation="http://www.quartz-scheduler.org/xml/JobSchedulingData http://www.quartz-scheduler.org/xml/job_scheduling_data_2_0.xsd"
	version="2.1.1">
	<schedule>
		<job>
			<name>SARsVencidos</name>
			<group>ReportesDiarios</group>
			<description>Reporte de SARs vencidos por etapa</description>
			<job-class>com.srm.pli.schedulers.jobs.NotificaSARsVencidosJob</job-class>
		</job>
		<trigger>
			<cron>
				<name>SARsVencidosTrigger</name>
				<group>ReportesDiarios</group>
				<job-name>SARsVencidos</job-name>
				<job-group>ReportesDiarios</job-group>
				<cron-expression>0 0 7 ? * MON-FRI</cron-expression>
			</cron>
		</trigger>
		<job>
			<name>job-released-sars-by-planning-and-shipping</name>
			<group>job-group-released-sars-by-planning-and-shipping</group>
			<description>SARs released by Planning y Shipping</description>
			<job-class>com.srm.pli.schedulers.jobs.ReleasedSarsByPlanningAndShippingJob</job-class>
		</job>
		<trigger>
			<cron>
				<name>trigger-released-sars-by-planning-and-shipping</name>
				<group>trigger-group-released-sars-by-planning-and-shipping</group>
				<job-name>job-released-sars-by-planning-and-shipping</job-name>
				<job-group>job-group-released-sars-by-planning-and-shipping</job-group>
				<cron-expression>0 1 6 ? * MON-FRI</cron-expression>
			</cron>
		</trigger>
		<trigger>
			<cron>
				<name>trigger-released-sars-by-planning-and-shipping-2</name>
				<group>trigger-group-released-sars-by-planning-and-shipping</group>
				<job-name>job-released-sars-by-planning-and-shipping</job-name>
				<job-group>job-group-released-sars-by-planning-and-shipping</job-group>
				<cron-expression>0 1 16 ? * MON-FRI</cron-expression>
			</cron>
		</trigger>
		<job>
			<name>SARsApprovedByPlanningAndShipping</name>
			<group>ReportesDiarios</group>
			<description>Reporte de SARs aprobados por planeacion y shipping</description>
			<job-class>com.srm.pli.schedulers.jobs.ReporteSARsAprobadosJob</job-class>
		</job>
		<trigger>
			<cron>
				<name>SARsApprovedByPlanningAndShippingTrigger</name>
				<group>ReportesDiarios</group>
				<job-name>SARsApprovedByPlanningAndShipping</job-name>
				<job-group>ReportesDiarios</job-group>
				<cron-expression>0 0 7 ? * MON-FRI</cron-expression>
			</cron>
		</trigger>
		<trigger>
			<cron>
				<name>SARsApprovedByPlanningAndShippingTrigger2</name>
				<group>ReportesDiarios</group>
				<job-name>SARsApprovedByPlanningAndShipping</job-name>
				<job-group>ReportesDiarios</job-group>
				<cron-expression>0 15 17 ? * MON-FRI</cron-expression>
			</cron>
		</trigger>
		<job>
			<name>SendNotifEtd</name>
			<group>ReportesDiarios</group>
			<description>Notificaciones de ETD proxima a vencer</description>
			<job-class>com.srm.pli.schedulers.jobs.EnvioNotificacionesCdiJob</job-class>
		</job>
		<trigger>
			<cron>
				<name>SendNotifEtdTrigger</name>
				<group>ReportesDiarios</group>
				<job-name>SendNotifEtd</job-name>
				<job-group>ReportesDiarios</job-group>
				<cron-expression>0 0 17 * * ?</cron-expression>
			</cron>
		</trigger>
		<job>
			<name>RecargaMapas</name>
			<group>RecargaDiaria</group>
			<description>Recarga diaria de mapas</description>
			<job-class>com.srm.pli.schedulers.jobs.RecargaDiariaMapasPLIJob</job-class>
		</job>
		<trigger>
			<cron>
				<name>RecargaMapasTrigger</name>
				<group>RecargaDiaria</group>
				<job-name>RecargaMapas</job-name>
				<job-group>RecargaDiaria</job-group>
				<cron-expression>0 0 8 * * ?</cron-expression>
			</cron>
		</trigger>
		<job>
			<name>RecargaDetalles</name>
			<group>RecargaDiaria</group>
			<description>Recarga de detalles de un SAR</description>
			<job-class>com.srm.pli.schedulers.jobs.ReiniciaMapaDetalle</job-class>
		</job>
		<trigger>
			<cron>
				<name>RecargaDetallesTrigger</name>
				<group>RecargaDiaria</group>
				<job-name>RecargaDetalles</job-name>
				<job-group>RecargaDiaria</job-group>
				<cron-expression>0 0 0/2 * * ?</cron-expression>
			</cron>
		</trigger>
		<!-- <job> -->
		<!-- <name>CargaCatalogosCondicionesPago</name> -->
		<!-- <group>CargaCatalogosTablas</group> -->
		<!-- <description>Catalogos Condiciones pago</description> -->
		<!-- <job-class>com.srm.pli.schedulers.jobs.ProcesosActualizaTablas</job-class> -->
		<!-- </job> -->
		<!-- <trigger> -->
		<!-- <cron> -->
		<!-- <name>CargaCatalogosCondicionesPago</name> -->
		<!-- <group>CargaCatalogosTablas</group> -->
		<!-- <job-name>CargaCatalogosCondicionesPago</job-name> -->
		<!-- <job-group>CargaCatalogosTablas</job-group> -->
		<!-- <cron-expression>0 0 7 ? * MON-FRI</cron-expression> -->
		<!-- </cron> -->
		<!-- </trigger> -->
		<job>
			<name>Genera_datos_SDP</name>
			<group>SDP</group>
			<description>Genera la carga de datos en las tablas de SDP</description>
			<job-class>com.srm.pli.schedulers.jobs.GeneraDatosSDP</job-class>
		</job>
		<trigger>
			<cron>
				<name>Genera_datos_SDP</name>
				<group>SDP</group>
				<job-name>Genera_datos_SDP</job-name>
				<job-group>SDP</job-group>
				<cron-expression>0 15 7 * * ?</cron-expression>
			</cron>
		</trigger>
		<job>
			<name>Notifica_tiempo_excedido_revisiones_precios</name>
			<group>PriceRelease</group>
			<description>Revisa los sar que lleven mas de 72 horas en revision</description>
			<job-class>com.srm.pli.schedulers.jobs.TiempoExcedidoLiberacionPrecios</job-class>
		</job>
		<trigger>
			<cron>
				<name>Notifica_tiempo_excedido_revisiones_precios</name>
				<group>PriceRelease</group>
				<job-name>Notifica_tiempo_excedido_revisiones_precios</job-name>
				<job-group>PriceRelease</job-group>
				<cron-expression>0 1 7 * * ?</cron-expression>
			</cron>
		</trigger>
		<job>
			<name>EnviaMailsMatrizAuditoria</name>
			<group>EnviaMailsMatrizAuditoria</group>
			<description>Envia Mails automaticos Matriz_Auditoria</description>
			<job-class>com.srm.pli.schedulers.jobs.EnviaMailsMatrizAuditoria</job-class>
		</job>
		<trigger>
            <cron>
                <name>EnviaMailsMatrizAuditoriaTrigger1</name>
                <group>EnviaMailsMatrizAuditoria</group>
                <job-name>EnviaMailsMatrizAuditoria</job-name>
                <job-group>EnviaMailsMatrizAuditoria</job-group>
                <cron-expression>30 46 21 ? * MON-FRI *</cron-expression>
            </cron>
        </trigger>
        <trigger>
            <cron>
                <name>EnviaMailsMatrizAuditoriaTrigger2</name>
                <group>EnviaMailsMatrizAuditoria</group>
                <job-name>EnviaMailsMatrizAuditoria</job-name>
                <job-group>EnviaMailsMatrizAuditoria</job-group>
                <cron-expression>0 49 22 ? * MON-FRI *</cron-expression>
            </cron>
        </trigger>
		<job>
			<name>EnviaMailsReminderXDays</name>
			<group>EnviaMailsReminderXDays</group>
			<description>Envia Mails Recordatorios X-dias</description>
			<job-class>com.srm.pli.schedulers.jobs.EnviaMailsReminderXDays</job-class>
		</job>
		<trigger>
			<cron>
				<name>EnviaMailsReminderXDays</name>
				<group>EnviaMailsReminderXDays</group>
				<job-name>EnviaMailsReminderXDays</job-name>
				<job-group>EnviaMailsReminderXDays</job-group>
				<cron-expression>0 0 8 ? * MON,TUE,WED,THU,FRI *</cron-expression>
			</cron>
		</trigger>
		<job>
			<name>EnviaMailsSDIAutomaticos</name>
			<group>EnviaMailsSDIAutomaticos</group>
			<description>Envia Mails Rechazados SDI</description>
			<job-class>com.srm.pli.schedulers.jobs.EnviaMailsSDIAutomaticos</job-class>
		</job>
		<trigger>
			<cron>
				<name>EnviaMailsSDIAutomaticos</name>
				<group>EnviaMailsSDIAutomaticos</group>
				<job-name>EnviaMailsSDIAutomaticos</job-name>
				<job-group>EnviaMailsSDIAutomaticos</job-group>
				<cron-expression>0 30 18 ? * MON,TUE,WED,THU,FRI *</cron-expression>
			</cron>
		</trigger>
		<!-- Se desactiva ya que este 2019 no se trabaja con K&N <job> <name>ProcesoArchivoKN</name> 
			<group>ProcesoArchivoKN</group> <description>Job que corre el proceso de 
			carga automatica del archivo de navieras</description> <job-class>com.srm.pli.schedulers.jobs.ProcesoArchivoKN</job-class> 
			</job> <trigger> <cron> <name>ProcesoArchivoKN</name> <group>ProcesoArchivoKN</group> 
			<job-name>ProcesoArchivoKN</job-name> <job-group>ProcesoArchivoKN</job-group> 
			<cron-expression>0 30 8 1/1 * ? *</cron-expression> </cron> </trigger> -->
		<!-- Letoniano -->
		<job>
			<name>CargaLetonianoJob</name>
			<group>CargaLetonianoGroup</group>
			<description>CargaLetonianoJob</description>
			<job-class>com.srm.pli.schedulers.jobs.CargaLetonianoJob</job-class>
		</job>
		<trigger>
			<cron>
				<name>CargaLetonianoCron</name>
				<group>CargaLetonianoGroup</group>
				<job-name>CargaLetonianoJob</job-name>
				<job-group>CargaLetonianoGroup</job-group>
				<cron-expression>0 0 5 ? * * *</cron-expression>
			</cron>
		</trigger>

		<job>
			<name>EnviaMailReporteBookingPendientasIdas</name>
			<group>EnviaMailReporteBookingPendientasIdas</group>
			<description>Envia un reporte de los pendienets de IDA por Mail</description>
			<job-class>com.srm.pli.schedulers.jobs.EnviaMailReporteBookingPendientasIdasJob</job-class>
		</job>
		<trigger>
			<cron>
				<name>EnviaMailReporteBookingPendientasIdasTrigger</name>
				<group>EnviaMailReporteBookingPendientasIdas</group>
				<job-name>EnviaMailReporteBookingPendientasIdas</job-name>
				<job-group>EnviaMailReporteBookingPendientasIdas</job-group>
				<cron-expression>0 0 17 1/1 * ?</cron-expression>
			</cron>
		</trigger>
		<job>
			<name>EnviaReporteUpdateBookingJob</name>
			<group>EnviaReporteUpdateBookingJob</group>
			<description>Envia Mails automaticos Update Supplier</description>
			<job-class>com.srm.pli.schedulers.jobs.EnviaReporteUpdateBookingJob</job-class>
		</job>
		<trigger>
			<cron>
				<name>EnviaReporteUpdateBookingJob</name>
				<group>EnviaReporteUpdateBookingJob</group>
				<job-name>EnviaReporteUpdateBookingJob</job-name>
				<job-group>EnviaReporteUpdateBookingJob</job-group>
				<cron-expression>0 0 7 ? * MON,WED,FRI *</cron-expression>
			</cron>
		</trigger>
<!-- Envia Reporte Semanal Incidencias 
        <job>
            <name>EnviaReportesIncidencias</name>
            <group>EnviaReportesIncidencias</group>
            <description>Reporte Semanal Incidencias</description>
            <job-class>com.srm.pli.schedulers.jobs.EnviaReporteSemanalIncidencia</job-class>
        </job>
        <trigger>
            <cron>
                <name>EnviaReportesIncidencias</name>
                <group>EnviaReportesIncidencias</group>
                <job-name>EnviaReportesIncidencias</job-name>
                <job-group>EnviaReportesIncidencias</job-group>
                <cron-expression>0 00 08 ? * THU *</cron-expression>
                                        
            </cron>
        </trigger>
-->
        <job>
        	<name>EnviaMailReportesControlEmb</name>
        	<group>EnviaMailReportesControlEmb</group>
        	<description>Envia un reporte de los documentos pendientes de recepcion</description>
        	<job-class>com.srm.pli.schedulers.jobs.EnviaMailReportesControlEmbJob</job-class>
        </job>
        <trigger>
        	<cron>
        		<name>EnviaMailReportesControlEmbTrigger</name>
        		<group>EnviaMailReportesControlEmb</group>
        		<job-name>EnviaMailReportesControlEmb</job-name>
        		<job-group>EnviaMailReportesControlEmb</job-group>
        		<cron-expression>* 0/1 * * * ?</cron-expression>
        	</cron>
        </trigger>
        
        <job>
        	<name>EnviaMailReportesControlEmb</name>
        	<group>EnviaMailReportesControlEmb</group>
        	<description>Envia un reporte de los documentos pendientes de recepcion</description>
        	<job-class>com.srm.pli.schedulers.jobs.EnviaMailReportesControlEmbJob</job-class>
        </job>
        <trigger>
        	<cron>
        		<name>EnviaMailReportesControlEmbTrigger</name>
        		<group>EnviaMailReportesControlEmb</group>
        		<job-name>EnviaMailReportesControlEmb</job-name>
        		<job-group>EnviaMailReportesControlEmb</job-group>
        		<cron-expression>0 0 14 ? * * *</cron-expression>
        	</cron>
        </trigger>
        <job>
            <name>EnviaMailCapturaContenedor</name>
            <group>EnviaMailCapturaContenedor</group>
            <description>Envia mails de recordatorio para la captura del contenedor</description>
            <job-class>com.srm.pli.schedulers.jobs.EnviaMailCapturaContenedor</job-class>
        </job>
        <trigger>
            <cron>
                <name>EnviaMailCapturaContenedor</name>
                <group>EnviaMailCapturaContenedor</group>
                <job-name>EnviaMailCapturaContenedor</job-name>
                <job-group>EnviaMailCapturaContenedor</job-group>
                <cron-expression>0 0 6 ? * MON-FRI</cron-expression>
            </cron>
        </trigger>
	</schedule>
</job-scheduling-data>