<?xml version="1.0" encoding="UTF-8"?>
<Configuration status="info" name="XMLConfigLog4j2"
	packages="">
	<Properties>
		<Property name="log-path">C:/logs/srm_pli</Property>
	</Properties>
	<Appenders>
		<RollingFile append="true" name="restAp"
			fileName="${log-path}/rest/rest.log" filePattern="${log-path}/rest/%d{yyyy}/%d{MM}/rest-%d{dd}.log">
			<PatternLayout>
				<Pattern>[%p] [%d{dd-MMM-yy HH:mm:ss}] [%C : %L] %m%n</Pattern>
			</PatternLayout>
			<Policies>
				<TimeBasedTriggeringPolicy interval="1"
					modulate="true" />
			</Policies>
		</RollingFile>
		<RollingFile name="bookingAppender" append="true"
			fileName="${log-path}/srm_booking/booking.log" filePattern="${log-path}/srm_booking/%d{yyyy}/%d{MM}/booking-%d{dd}.log">
			<PatternLayout>
				<Pattern>[%p] [%d{dd-MMM-yy HH:mm:ss}] [%C : %L] %m%n</Pattern>
			</PatternLayout>
			<Policies>
				<TimeBasedTriggeringPolicy interval="1"
					modulate="true" />
			</Policies>
		</RollingFile>
		<RollingFile name="edsAppender" append="true"
			fileName="${log-path}/srm_eds/eds.log" filePattern="${log-path}/srm_eds/%d{yyyy}/%d{MM}/eds-%d{dd}.log">
			<PatternLayout>
				<Pattern>[%p] [%d{dd-MMM-yy HH:mm:ss}] [%C : %L] %m%n</Pattern>
			</PatternLayout>
			<Policies>
				<TimeBasedTriggeringPolicy interval="1"
					modulate="true" />
			</Policies>
		</RollingFile>
		<RollingFile name="schedulersAppender" append="true"
			fileName="${log-path}/schedulers/schedulers.log"
			filePattern="${log-path}/schedulers/%d{yyyy}/%d{MM}/schedulers-%d{dd}.log">
			<PatternLayout>
				<Pattern>[%p] [%d{dd-MMM-yy HH:mm:ss}] [%C : %L] %m%n</Pattern>
			</PatternLayout>
			<Policies>
				<TimeBasedTriggeringPolicy interval="1"
					modulate="true" />
			</Policies>
		</RollingFile>
		<RollingFile append="true" name="exceptionAp"
			fileName="${log-path}/exception.log" filePattern="${log-path}/exception/%d{yyyy}/%d{MM}/exception-%d{dd}.log">
			<PatternLayout>
				<Pattern>[%p] [%d{dd-MMM-yy HH:mm:ss}] [%C : %L] %m%n</Pattern>
			</PatternLayout>
			<Policies>
				<TimeBasedTriggeringPolicy interval="1"
					modulate="true" />
			</Policies>
		</RollingFile>
		<RollingFile append="true" name="root" fileName="${log-path}/booking_root.log"
			filePattern="${log-path}/booking_root-%d{yyyy-MM-dd}.log">
			<PatternLayout>
				<Pattern>[%p] [%d{dd-MMM-yy HH:mm:ss}] [%C : %L] %m%n</Pattern>
			</PatternLayout>
			<Policies>
				<TimeBasedTriggeringPolicy interval="1"
					modulate="true" />
			</Policies>
		</RollingFile>
		<RollingFile append="true" name="serviceAppender" 
			fileName="${log-path}/truper_base/service.log" filePattern="${log-path}/truper_base/%d{yyyy}/%d{MM}/service-%d{dd}.log">
            <PatternLayout>
                <Pattern>[%p] [%d{dd-MMM-yy HH:mm:ss}] [%C : %L] %m%n</Pattern>
            </PatternLayout>
            <Policies>
                <TimeBasedTriggeringPolicy interval="1" modulate="true" />
            </Policies>
        </RollingFile>
	</Appenders>
	<Loggers>
		<Logger name="rest" level="info">
			<AppenderRef ref="restAp" />
		</Logger>
		<Logger name="booking" level="info">
			<AppenderRef ref="bookingAppender" />
		</Logger>
		<Logger name="eds" level="info">
			<AppenderRef ref="edsAppender" />
		</Logger>
		<Logger name="scheduler" level="info">
			<AppenderRef ref="schedulersAppender" />
		</Logger>
		<Logger name="exception" level="error">
			<AppenderRef ref="exceptionAp" />
		</Logger>
		<Logger name="service" level="info">
            <AppenderRef ref="serviceAppender" />
        </Logger>
		<Root level="info">
			<appender-ref ref="root" />
		</Root>
	</Loggers>
</Configuration>